{
  "title": "Brincar de cozinha auxilia na boa alimentação das crianças",
  "date": "2019-05-16T16:01:40.618Z",
  "thumbnail": "/img/uploads/9843-71332094_s.jpg",
  "description": "\n",
  "body": "<!--StartFragment-->\n\n#### Um estudo de 2012 realizado por cientistas da Universidade de Alberta, no Canadá, mostrou que as crianças interessadas em cozinhar comem mais vegetais, frutas e legumes.\n\nE você sabe como começou o interesse por esse ambiente da casa? Na brincadeira… Vem conferir mais informações sobre esse estudo!\n\nSegundo os pesquisadores, o “sabor” dessa alimentação saudável se deve ao fato de que as crianças acabam experimentando os alimentos de maneiras diferentes e ainda assim, de modo divertido.\n\nNo entanto, se seu filho é muito pequeno para chegar perto das panelas de verdade, tudo bem: há muitas opções de brincadeiras de faz de conta, incluindo cozinhas, geladeiras e assim por diante.\n\nOs benefícios de brincar de cozinha não são apenas para se alimentar melhor essa atividade também aprimora as habilidades motoras das crianças. Ajuda a promover o desenvolvimento social ao estimular a imaginação simulando atividades reais que as crianças vivenciarão em suas vidas no decorrer dos anos.\n\nContatos\n\n<!--EndFragment-->",
  "meta_title": "",
  "meta_description": ""
}