{
  "meta_title": "",
  "meta_description": "",
  "sections": [
    {
      "type": "banner-slider",
      "autoplay": 9000,
      "full_width": false,
      "slides": [
        {
          "img": "/img/uploads/9843-angiebyangelus.jpg",
          "link": "",
          "alt": "Headset banner",
          "start": "2020-04-11T05:54:06.750Z",
          "end": "",
          "mobile_img": ""
        },
        {
          "start": "",
          "end": "",
          "img": "/img/uploads/9843-angiebyangelus2.jpg",
          "alt": "Banner sample two",
          "mobile_img": "/img/uploads/9843-angiebyangelus2.jpg"
        }
      ]
    },
    {
      "type": "banners-grid",
      "banners": [
        {
          "img": "/img/uploads/9843-brinquedos-queridinhos-tealegrar.jpg"
        },
        {
          "img": "/img/uploads/9843-fichas-pecs-comunicao-alternativa.jpg"
        },
        {
          "img": "/img/uploads/9843-promocoes-tealegrar.jpg"
        }
      ]
    },
    {
      "type": "dynamic-showcase",
      "load_more": true,
      "sort": "sales"
    },
    {
      "type": "blog",
      "enabled": true
    }
  ]
}